{
  "execPath": "C:/Users/alvar/.platformio/packages/toolchain-xtensa/bin/xtensa-lx106-elf-g++.exe",
  "gccDefaultCFlags": "-fsyntax-only -std=gnu99 -Wpointer-arith -Wno-implicit-function-declaration -Wl,-EL -fno-inline-functions -nostdlib -Os -mlongcalls -mtext-section-literals -falign-functions=4 -U__STRICT_ANSI__ -ffunction-sections -fdata-sections -fno-exceptions -Wall -DPLATFORMIO=40304 -DESP8266 -DARDUINO_ARCH_ESP8266 -DARDUINO_ESP8266_NODEMCU -DF_CPU=80000000L -D__ets__ -DICACHE_FLASH -DARDUINO=10805 -DARDUINO_BOARD=\"PLATFORMIO_NODEMCUV2\" -DFLASHMODE_DIO -DLWIP_OPEN_SRC -DNONOSDK22x_190703=1 -DTCP_MSS=536 -DLWIP_FEATURES=1 -DLWIP_IPV6=0 -DVTABLES_IN_FLASH",
  "gccDefaultCppFlags": "-fsyntax-only -fno-rtti -std=c++11 -Os -mlongcalls -mtext-section-literals -falign-functions=4 -U__STRICT_ANSI__ -ffunction-sections -fdata-sections -fno-exceptions -Wall -DPLATFORMIO=40304 -DESP8266 -DARDUINO_ARCH_ESP8266 -DARDUINO_ESP8266_NODEMCU -DF_CPU=80000000L -D__ets__ -DICACHE_FLASH -DARDUINO=10805 -DARDUINO_BOARD=\"PLATFORMIO_NODEMCUV2\" -DFLASHMODE_DIO -DLWIP_OPEN_SRC -DNONOSDK22x_190703=1 -DTCP_MSS=536 -DLWIP_FEATURES=1 -DLWIP_IPV6=0 -DVTABLES_IN_FLASH",
  "gccErrorLimit": 15,
  "gccIncludePaths": "C:/Users/alvar/OneDrive/Documentos/PlatformIO/Projects/DAD/include,C:/Users/alvar/OneDrive/Documentos/PlatformIO/Projects/DAD/src,C:/Users/alvar/.platformio/lib/TinyGPS,C:/Users/alvar/.platformio/packages/framework-arduinoespressif8266/libraries/SoftwareSerial/src,C:/Users/alvar/.platformio/lib/I2Cdevlib-MPU6050,C:/Users/alvar/.platformio/lib/I2Cdevlib-Core,C:/Users/alvar/.platformio/packages/framework-arduinoespressif8266/libraries/Wire,C:/Users/alvar/.platformio/packages/framework-arduinoespressif8266/libraries/ESP8266HTTPClient/src,C:/Users/alvar/.platformio/packages/framework-arduinoespressif8266/libraries/ESP8266WiFi/src,C:/Users/alvar/.platformio/lib/ArduinoJson/src,C:/Users/alvar/.platformio/packages/framework-arduinoespressif8266/tools/sdk/include,C:/Users/alvar/.platformio/packages/framework-arduinoespressif8266/tools/sdk/libc/xtensa-lx106-elf/include,C:/Users/alvar/.platformio/packages/framework-arduinoespressif8266/cores/esp8266,C:/Users/alvar/.platformio/packages/framework-arduinoespressif8266/tools/sdk/lwip2/include,C:/Users/alvar/.platformio/packages/framework-arduinoespressif8266/variants/nodemcu,C:/Users/alvar/.platformio/lib/PubSubClient_ID89/src,C:/Users/alvar/.platformio/lib/TinyGPSPlus/src,C:/Users/alvar/.platformio/packages/framework-arduinoespressif8266/libraries/ArduinoOTA,C:/Users/alvar/.platformio/packages/framework-arduinoespressif8266/libraries/DNSServer/src,C:/Users/alvar/.platformio/packages/framework-arduinoespressif8266/libraries/EEPROM,C:/Users/alvar/.platformio/packages/framework-arduinoespressif8266/libraries/ESP8266AVRISP/src,C:/Users/alvar/.platformio/packages/framework-arduinoespressif8266/libraries/ESP8266HTTPUpdateServer/src,C:/Users/alvar/.platformio/packages/framework-arduinoespressif8266/libraries/ESP8266LLMNR,C:/Users/alvar/.platformio/packages/framework-arduinoespressif8266/libraries/ESP8266NetBIOS,C:/Users/alvar/.platformio/packages/framework-arduinoespressif8266/libraries/ESP8266SSDP,C:/Users/alvar/.platformio/packages/framework-arduinoespressif8266/libraries/ESP8266SdFat/src,C:/Users/alvar/.platformio/packages/framework-arduinoespressif8266/libraries/ESP8266WebServer/src,C:/Users/alvar/.platformio/packages/framework-arduinoespressif8266/libraries/ESP8266WiFiMesh/src,C:/Users/alvar/.platformio/packages/framework-arduinoespressif8266/libraries/ESP8266httpUpdate/src,C:/Users/alvar/.platformio/packages/framework-arduinoespressif8266/libraries/ESP8266mDNS/src,C:/Users/alvar/.platformio/packages/framework-arduinoespressif8266/libraries/Ethernet/src,C:/Users/alvar/.platformio/packages/framework-arduinoespressif8266/libraries/GDBStub/src,C:/Users/alvar/.platformio/packages/framework-arduinoespressif8266/libraries/Hash/src,C:/Users/alvar/.platformio/packages/framework-arduinoespressif8266/libraries/LittleFS/src,C:/Users/alvar/.platformio/packages/framework-arduinoespressif8266/libraries/SD/src,C:/Users/alvar/.platformio/packages/framework-arduinoespressif8266/libraries/SDFS/src,C:/Users/alvar/.platformio/packages/framework-arduinoespressif8266/libraries/SPI,C:/Users/alvar/.platformio/packages/framework-arduinoespressif8266/libraries/SPISlave/src,C:/Users/alvar/.platformio/packages/framework-arduinoespressif8266/libraries/Servo/src,C:/Users/alvar/.platformio/packages/framework-arduinoespressif8266/libraries/TFT_Touch_Shield_V2,C:/Users/alvar/.platformio/packages/framework-arduinoespressif8266/libraries/Ticker/src,C:/Users/alvar/.platformio/packages/framework-arduinoespressif8266/libraries/esp8266/src,C:/Users/alvar/.platformio/packages/toolchain-xtensa/xtensa-lx106-elf/include/c++/4.8.2,C:/Users/alvar/.platformio/packages/toolchain-xtensa/xtensa-lx106-elf/include/c++/4.8.2/xtensa-lx106-elf,C:/Users/alvar/.platformio/packages/toolchain-xtensa/lib/gcc/xtensa-lx106-elf/4.8.2/include,C:/Users/alvar/.platformio/packages/toolchain-xtensa/lib/gcc/xtensa-lx106-elf/4.8.2/include-fixed,C:/Users/alvar/.platformio/packages/toolchain-xtensa/xtensa-lx106-elf/include,C:/Users/alvar/.platformio/packages/tool-unity",
  "gccSuppressWarnings": false
}
